<?xml version="1.0" encoding="UTF-8"?>

<beans xmlns="http://www.springframework.org/schema/beans"
    xmlns:xsi="http://www.w3.org/2001/XMLSchema-instance"
    xmlns:aop="http://www.springframework.org/schema/aop"
    xmlns:context="http://www.springframework.org/schema/context"
    xmlns:util="http://www.springframework.org/schema/util"
    xmlns:p="http://www.springframework.org/schema/p"
    xmlns:tx="http://www.springframework.org/schema/tx"
    xmlns:mvc="http://www.springframework.org/schema/mvc"
    xmlns:jpa="http://www.springframework.org/schema/data/jpa"
    xsi:schemaLocation="http://www.springframework.org/schema/beans 
    http://www.springframework.org/schema/beans/spring-beans-4.0.xsd
     http://www.springframework.org/schema/context
     http://www.springframework.org/schema/context/spring-context-3.0.xsd
     http://www.springframework.org/schema/util 
     http://www.springframework.org/schema/util/spring-util-3.0.xsd
  http://www.springframework.org/schema/aop 
http://www.springframework.org/schema/aop/spring-aop.xsd
http://www.springframework.org/schema/mvc 
    http://www.springframework.org/schema/mvc/spring-mvc-3.2.xsd
    http://www.springframework.org/schema/tx 
        http://www.springframework.org/schema/tx/spring-tx-3.2.xsd
        http://www.springframework.org/schema/data/jpa 
        http://www.springframework.org/schema/data/jpa/spring-jpa.xsd">

    <context:component-scan base-package="com.cg.capstore"></context:component-scan>
    <!-- This is required to handle transactions via Annotations like @Transactional -->
    <tx:annotation-driven transaction-manager="transactionManager" />
    
    <mvc:annotation-driven validator="myBeansValidator" />
    <bean

        class="org.springframework.web.servlet.view.InternalResourceViewResolver"
        p:prefix="/WEB-INF/jsp/" p:suffix=".jsp" />
        
    <bean id="myBeansValidator"
        class="org.springframework.validation.beanvalidation.LocalValidatorFactoryBean" />


    <!-- This bean will hold references to our database -->
    <bean id="dataSource"
        class="org.springframework.jdbc.datasource.DriverManagerDataSource">
        <property name="driverClassName" value="oracle.jdbc.driver.OracleDriver" />
        <property name="url" value="jdbc:oracle:thin:@10.220.58.191:1521:XE" />
        <property name="username" value="system" />
        <property name="password" value="Capgemini123" />
    </bean>
    
    <!-- Spring way of entity manager factory configuration -->
    <bean id="entityManagerFactory"
        class="org.springframework.orm.jpa.LocalContainerEntityManagerFactoryBean">
        <property name="dataSource" ref="dataSource" />
        <property name="packagesToScan" value="com.cg.capstore.bean" />
        <property name="persistenceProviderClass"
            value="org.hibernate.jpa.HibernatePersistenceProvider" />
        <property name="jpaPropertyMap">
            <map>
                <entry key="hibernate.dialect" value="org.hibernate.dialect.Oracle10gDialect" />
                <entry key="hibernate.hbm2ddl.auto" value="update" /> 
            </map>
        </property>
    </bean>
    
    <!-- This bean will handle all transaction within an application -->
    <bean id="transactionManager" class="org.springframework.orm.jpa.JpaTransactionManager">
        <property name="entityManagerFactory" ref="entityManagerFactory" />
    </bean>
    
    
    
    <jpa:repositories base-package="com.cg.capstore.dao" entity-manager-factory-ref="entityManagerFactory" 
        transaction-manager-ref="transactionManager"/>

    
    
</beans>
